,epoch,loss,energy_mean,energy_std,CI,proposal_width,acceptance_rate,walltime
0,0,0.0010863356292247772,1.9997072219848633,0.009511282667517662,1.9999999999999933,0.7197421789169312,"tensor(0.5137, device='cuda:0')",0.03666437199990469
